092e2617-7648-4eb2-bfcb-b995d679e4e0.png	https://substack-post-media.s3.amazonaws.com/public/images/092e2617-7648-4eb2-bfcb-b995d679e4e0_1024x880.png
c9feb67e-d790-44f8-8bc1-f1f3057fb185.png	https://substack-post-media.s3.amazonaws.com/public/images/c9feb67e-d790-44f8-8bc1-f1f3057fb185_783x461.png
82743f82-0e15-40a3-bb21-34be043a936b.png	https://substack-post-media.s3.amazonaws.com/public/images/82743f82-0e15-40a3-bb21-34be043a936b_839x462.png
02ab8792-1348-4d4f-a78c-90170fdaaa5f.png	https://substack-post-media.s3.amazonaws.com/public/images/02ab8792-1348-4d4f-a78c-90170fdaaa5f_2048x343.png
63454cb2-0ae2-478e-9541-179fe4375454.png	https://substack-post-media.s3.amazonaws.com/public/images/63454cb2-0ae2-478e-9541-179fe4375454_1850x1404.png
4031f589-f4a9-4b52-8ada-4085856677ee.png	https://substack-post-media.s3.amazonaws.com/public/images/4031f589-f4a9-4b52-8ada-4085856677ee_1856x1606.png
4cdec479-98f0-4690-a318-c4013709d9c8.png	https://substack-post-media.s3.amazonaws.com/public/images/4cdec479-98f0-4690-a318-c4013709d9c8_1205x679.png
d9601128-8c45-4d16-9730-784a192e756a.png	https://substack-post-media.s3.amazonaws.com/public/images/d9601128-8c45-4d16-9730-784a192e756a_1746x1320.png
308bf7f7-ec7a-4c72-920c-8b4c0cd7d03b.png	https://substack-post-media.s3.amazonaws.com/public/images/308bf7f7-ec7a-4c72-920c-8b4c0cd7d03b_1716x758.png
84503870-0263-4ac8-bbd4-3aa806276bda.png	https://substack-post-media.s3.amazonaws.com/public/images/84503870-0263-4ac8-bbd4-3aa806276bda_1624x1208.png
